inst_name,kind,cell,orient,gds_origin_x,gds_origin_y,center_x,center_y,bbox_llx,bbox_lly,bbox_urx,bbox_ury,inn_location_x,inn_location_y,edge,place_status
BuPAD_CLK_I,bondpad,PAD70NU_SL,r180,575.0,2000.0,562.5,1913.3425,550.0,1826.685,575.0,2000.0,550.0,1826.685,top,fixed
BuPAD_HOST_IO_0,bondpad,PAD70NU_SL,r90,1600.0,1350.0,1513.3425,1362.5,1426.685,1350.0,1600.0,1375.0,1426.685,1350.0,right,fixed
BuPAD_HOST_IO_1,bondpad,PAD70GU_SL,r90,1600.0,1430.0,1556.5925,1442.5,1513.185,1430.0,1600.0,1455.0,1513.185,1430.0,right,fixed
BuPAD_HOST_IO_2,bondpad,PAD70NU_SL,r90,1600.0,1510.0,1513.3425,1522.5,1426.685,1510.0,1600.0,1535.0,1426.685,1510.0,right,fixed
BuPAD_HOST_IO_3,bondpad,PAD70GU_SL,r90,1600.0,1590.0,1556.5925,1602.5,1513.185,1590.0,1600.0,1615.0,1513.185,1590.0,right,fixed
BuPAD_HOST_IO_4,bondpad,PAD70NU_SL,r90,1600.0,1670.0,1513.3425,1682.5,1426.685,1670.0,1600.0,1695.0,1426.685,1670.0,right,fixed
BuPAD_HOST_IO_5,bondpad,PAD70GU_SL,r90,1600.0,1750.0,1556.5925,1762.5,1513.185,1750.0,1600.0,1775.0,1513.185,1750.0,right,fixed
BuPAD_HOST_IO_6,bondpad,PAD70NU_SL,r90,1600.0,1830.0,1513.3425,1842.5,1426.685,1830.0,1600.0,1855.0,1426.685,1830.0,top,fixed
BuPAD_I2C_SCL,bondpad,PAD70NU_SL,r270,0.0,912.0,86.6575,899.5,0.0,887.0,173.315,912.0,0.0,887.0,left,fixed
BuPAD_I2C_SDA,bondpad,PAD70GU_SL,r270,0.0,979.0,43.4075,966.5,0.0,954.0,86.815,979.0,0.0,954.0,left,fixed
BuPAD_NRST_I,bondpad,PAD70NU_SL,r180,415.0,2000.0,402.5,1913.3425,390.0,1826.685,415.0,2000.0,390.0,1826.685,top,fixed
BuPAD_QSPI_IO_0,bondpad,PAD70GU_SL,r0,470.0,0.0,482.5,43.4075,470.0,0.0,495.0,86.815,470.0,0.0,bottom,fixed
BuPAD_QSPI_IO_1,bondpad,PAD70NU_SL,r0,550.0,0.0,562.5,86.6575,550.0,0.0,575.0,173.315,550.0,0.0,bottom,fixed
BuPAD_QSPI_IO_2,bondpad,PAD70GU_SL,r0,630.0,0.0,642.5,43.4075,630.0,0.0,655.0,86.815,630.0,0.0,bottom,fixed
BuPAD_QSPI_IO_3,bondpad,PAD70NU_SL,r0,870.0,0.0,882.5,86.6575,870.0,0.0,895.0,173.315,870.0,0.0,bottom,fixed
BuPAD_QSPI_SCLK,bondpad,PAD70GU_SL,r0,950.0,0.0,962.5,43.4075,950.0,0.0,975.0,86.815,950.0,0.0,bottom,fixed
BuPAD_QSPI_nCS,bondpad,PAD70NU_SL,r0,1030.0,0.0,1042.5,86.6575,1030.0,0.0,1055.0,173.315,1030.0,0.0,bottom,fixed
BuPAD_RMII_CRS_DV,bondpad,PAD70GU_SL,r90,1600.0,1110.0,1556.5925,1122.5,1513.185,1110.0,1600.0,1135.0,1513.185,1110.0,right,fixed
BuPAD_RMII_MDC,bondpad,PAD70GU_SL,r90,1600.0,310.0,1556.5925,322.5,1513.185,310.0,1600.0,335.0,1513.185,310.0,right,fixed
BuPAD_RMII_MDIO,bondpad,PAD70NU_SL,r90,1600.0,1030.0,1513.3425,1042.5,1426.685,1030.0,1600.0,1055.0,1426.685,1030.0,right,fixed
BuPAD_RMII_REF_CLK,bondpad,PAD70NU_SL,r90,1600.0,390.0,1513.3425,402.5,1426.685,390.0,1600.0,415.0,1426.685,390.0,right,fixed
BuPAD_RMII_RXD0,bondpad,PAD70GU_SL,r90,1600.0,470.0,1556.5925,482.5,1513.185,470.0,1600.0,495.0,1513.185,470.0,right,fixed
BuPAD_RMII_RXD1,bondpad,PAD70NU_SL,r90,1600.0,710.0,1513.3425,722.5,1426.685,710.0,1600.0,735.0,1426.685,710.0,right,fixed
BuPAD_RMII_TXD0,bondpad,PAD70GU_SL,r90,1600.0,790.0,1556.5925,802.5,1513.185,790.0,1600.0,815.0,1513.185,790.0,right,fixed
BuPAD_RMII_TXD1,bondpad,PAD70NU_SL,r90,1600.0,870.0,1513.3425,882.5,1426.685,870.0,1600.0,895.0,1426.685,870.0,right,fixed
BuPAD_RMII_TX_EN,bondpad,PAD70GU_SL,r90,1600.0,950.0,1556.5925,962.5,1513.185,950.0,1600.0,975.0,1513.185,950.0,right,fixed
BuPAD_SE_I,bondpad,PAD70NU_SL,r180,735.0,2000.0,722.5,1913.3425,710.0,1826.685,735.0,2000.0,710.0,1826.685,top,fixed
BuPAD_SWDCK_I,bondpad,PAD70GU_SL,r180,495.0,2000.0,482.5,1956.5925,470.0,1913.185,495.0,2000.0,470.0,1913.185,top,fixed
BuPAD_SWDIO_IO,bondpad,PAD70NU_SL,r180,895.0,2000.0,882.5,1913.3425,870.0,1826.685,895.0,2000.0,870.0,1826.685,top,fixed
BuPAD_TEST_I,bondpad,PAD70GU_SL,r180,655.0,2000.0,642.5,1956.5925,630.0,1913.185,655.0,2000.0,630.0,1913.185,top,fixed
BuPAD_TL_CLK_RX,bondpad,PAD70GU_SL,r270,0.0,577.0,43.4075,564.5,0.0,552.0,86.815,577.0,0.0,552.0,left,fixed
BuPAD_TL_CLK_TX,bondpad,PAD70NU_SL,r270,0.0,1582.0,86.6575,1569.5,0.0,1557.0,173.315,1582.0,0.0,1557.0,left,fixed
BuPAD_TL_RX_0,bondpad,PAD70GU_SL,r270,0.0,175.0,43.4075,162.5,0.0,150.0,86.815,175.0,0.0,150.0,left,fixed
BuPAD_TL_RX_1,bondpad,PAD70NU_SL,r270,0.0,242.0,86.6575,229.5,0.0,217.0,173.315,242.0,0.0,217.0,left,fixed
BuPAD_TL_RX_2,bondpad,PAD70GU_SL,r270,0.0,309.0,43.4075,296.5,0.0,284.0,86.815,309.0,0.0,284.0,left,fixed
BuPAD_TL_RX_3,bondpad,PAD70NU_SL,r270,0.0,376.0,86.6575,363.5,0.0,351.0,173.315,376.0,0.0,351.0,left,fixed
BuPAD_TL_RX_4,bondpad,PAD70NU_SL,r270,0.0,644.0,86.6575,631.5,0.0,619.0,173.315,644.0,0.0,619.0,left,fixed
BuPAD_TL_RX_5,bondpad,PAD70GU_SL,r270,0.0,711.0,43.4075,698.5,0.0,686.0,86.815,711.0,0.0,686.0,left,fixed
BuPAD_TL_RX_6,bondpad,PAD70NU_SL,r270,0.0,778.0,86.6575,765.5,0.0,753.0,173.315,778.0,0.0,753.0,left,fixed
BuPAD_TL_RX_7,bondpad,PAD70GU_SL,r270,0.0,845.0,43.4075,832.5,0.0,820.0,86.815,845.0,0.0,820.0,left,fixed
BuPAD_TL_TX_0,bondpad,PAD70NU_SL,r270,0.0,1180.0,86.6575,1167.5,0.0,1155.0,173.315,1180.0,0.0,1155.0,left,fixed
BuPAD_TL_TX_1,bondpad,PAD70GU_SL,r270,0.0,1247.0,43.4075,1234.5,0.0,1222.0,86.815,1247.0,0.0,1222.0,left,fixed
BuPAD_TL_TX_2,bondpad,PAD70NU_SL,r270,0.0,1314.0,86.6575,1301.5,0.0,1289.0,173.315,1314.0,0.0,1289.0,left,fixed
BuPAD_TL_TX_3,bondpad,PAD70GU_SL,r270,0.0,1381.0,43.4075,1368.5,0.0,1356.0,86.815,1381.0,0.0,1356.0,left,fixed
BuPAD_TL_TX_4,bondpad,PAD70GU_SL,r270,0.0,1649.0,43.4075,1636.5,0.0,1624.0,86.815,1649.0,0.0,1624.0,left,fixed
BuPAD_TL_TX_5,bondpad,PAD70NU_SL,r270,0.0,1716.0,86.6575,1703.5,0.0,1691.0,173.315,1716.0,0.0,1691.0,left,fixed
BuPAD_TL_TX_6,bondpad,PAD70GU_SL,r270,0.0,1783.0,43.4075,1770.5,0.0,1758.0,86.815,1783.0,0.0,1758.0,left,fixed
BuPAD_TL_TX_7,bondpad,PAD70NU_SL,r270,0.0,1850.0,86.6575,1837.5,0.0,1825.0,173.315,1850.0,0.0,1825.0,left,fixed
BuPAD_VDDIO_B_0,bondpad,PAD70GU_SL,r0,150.0,0.0,162.5,43.4075,150.0,0.0,175.0,86.815,150.0,0.0,bottom,fixed
BuPAD_VDDIO_B_1,bondpad,PAD70NU_SL,r0,710.0,0.0,722.5,86.6575,710.0,0.0,735.0,173.315,710.0,0.0,bottom,fixed
BuPAD_VDDIO_B_2,bondpad,PAD70GU_SL,r0,1430.0,0.0,1442.5,43.4075,1430.0,0.0,1455.0,86.815,1430.0,0.0,bottom,fixed
BuPAD_VDDIO_L_0,bondpad,PAD70GU_SL,r270,0.0,443.0,43.4075,430.5,0.0,418.0,86.815,443.0,0.0,418.0,left,fixed
BuPAD_VDDIO_L_1,bondpad,PAD70NU_SL,r270,0.0,1046.0,86.6575,1033.5,0.0,1021.0,173.315,1046.0,0.0,1021.0,left,fixed
BuPAD_VDDIO_L_2,bondpad,PAD70NU_SL,r270,0.0,1448.0,86.6575,1435.5,0.0,1423.0,173.315,1448.0,0.0,1423.0,left,fixed
BuPAD_VDDIO_R_0,bondpad,PAD70GU_SL,r90,1600.0,150.0,1556.5925,162.5,1513.185,150.0,1600.0,175.0,1513.185,150.0,right,fixed
BuPAD_VDDIO_R_1,bondpad,PAD70NU_SL,r90,1600.0,550.0,1513.3425,562.5,1426.685,550.0,1600.0,575.0,1426.685,550.0,right,fixed
BuPAD_VDDIO_R_2,bondpad,PAD70NU_SL,r90,1600.0,1190.0,1513.3425,1202.5,1426.685,1190.0,1600.0,1215.0,1426.685,1190.0,right,fixed
BuPAD_VDDIO_T_0,bondpad,PAD70GU_SL,r180,175.0,2000.0,162.5,1956.5925,150.0,1913.185,175.0,2000.0,150.0,1913.185,top,fixed
BuPAD_VDDIO_T_1,bondpad,PAD70NU_SL,r180,1055.0,2000.0,1042.5,1913.3425,1030.0,1826.685,1055.0,2000.0,1030.0,1826.685,top,fixed
BuPAD_VDDIO_T_2,bondpad,PAD70GU_SL,r180,1135.0,2000.0,1122.5,1956.5925,1110.0,1913.185,1135.0,2000.0,1110.0,1913.185,top,fixed
BuPAD_VDD_B_0,bondpad,PAD70GU_SL,r0,1110.0,0.0,1122.5,43.4075,1110.0,0.0,1135.0,86.815,1110.0,0.0,bottom,fixed
BuPAD_VDD_B_1,bondpad,PAD70GU_SL,r0,310.0,0.0,322.5,43.4075,310.0,0.0,335.0,86.815,310.0,0.0,bottom,fixed
BuPAD_VDD_B_2,bondpad,PAD70GU_SL,r0,1270.0,0.0,1282.5,43.4075,1270.0,0.0,1295.0,86.815,1270.0,0.0,bottom,fixed
BuPAD_VDD_T_0,bondpad,PAD70NU_SL,r180,255.0,2000.0,242.5,1913.3425,230.0,1826.685,255.0,2000.0,230.0,1826.685,top,fixed
BuPAD_VDD_T_1,bondpad,PAD70GU_SL,r180,815.0,2000.0,802.5,1956.5925,790.0,1913.185,815.0,2000.0,790.0,1913.185,top,fixed
BuPAD_VDD_T_2,bondpad,PAD70NU_SL,r180,1375.0,2000.0,1362.5,1913.3425,1350.0,1826.685,1375.0,2000.0,1350.0,1826.685,top,fixed
BuPAD_VSSIO_B_0,bondpad,PAD70NU_SL,r0,230.0,0.0,242.5,86.6575,230.0,0.0,255.0,173.315,230.0,0.0,bottom,fixed
BuPAD_VSSIO_B_1,bondpad,PAD70GU_SL,r0,790.0,0.0,802.5,43.4075,790.0,0.0,815.0,86.815,790.0,0.0,bottom,fixed
BuPAD_VSSIO_B_2,bondpad,PAD70NU_SL,r0,1190.0,0.0,1202.5,86.6575,1190.0,0.0,1215.0,173.315,1190.0,0.0,bottom,fixed
BuPAD_VSSIO_L_0,bondpad,PAD70NU_SL,r270,0.0,510.0,86.6575,497.5,0.0,485.0,173.315,510.0,0.0,485.0,left,fixed
BuPAD_VSSIO_L_1,bondpad,PAD70GU_SL,r270,0.0,1113.0,43.4075,1100.5,0.0,1088.0,86.815,1113.0,0.0,1088.0,left,fixed
BuPAD_VSSIO_L_2,bondpad,PAD70GU_SL,r270,0.0,1515.0,43.4075,1502.5,0.0,1490.0,86.815,1515.0,0.0,1490.0,left,fixed
BuPAD_VSSIO_R_0,bondpad,PAD70NU_SL,r90,1600.0,230.0,1513.3425,242.5,1426.685,230.0,1600.0,255.0,1426.685,230.0,right,fixed
BuPAD_VSSIO_R_1,bondpad,PAD70GU_SL,r90,1600.0,630.0,1556.5925,642.5,1513.185,630.0,1600.0,655.0,1513.185,630.0,right,fixed
BuPAD_VSSIO_R_2,bondpad,PAD70GU_SL,r90,1600.0,1270.0,1556.5925,1282.5,1513.185,1270.0,1600.0,1295.0,1513.185,1270.0,right,fixed
BuPAD_VSSIO_T_0,bondpad,PAD70NU_SL,r180,1215.0,2000.0,1202.5,1913.3425,1190.0,1826.685,1215.0,2000.0,1190.0,1826.685,top,fixed
BuPAD_VSSIO_T_1,bondpad,PAD70GU_SL,r180,1295.0,2000.0,1282.5,1956.5925,1270.0,1913.185,1295.0,2000.0,1270.0,1913.185,top,fixed
BuPAD_VSSIO_T_2,bondpad,PAD70GU_SL,r180,1455.0,2000.0,1442.5,1956.5925,1430.0,1913.185,1455.0,2000.0,1430.0,1913.185,top,fixed
BuPAD_VSS_B_0,bondpad,PAD70NU_SL,r0,390.0,0.0,402.5,86.6575,390.0,0.0,415.0,173.315,390.0,0.0,bottom,fixed
BuPAD_VSS_B_1,bondpad,PAD70NU_SL,r0,1350.0,0.0,1362.5,86.6575,1350.0,0.0,1375.0,173.315,1350.0,0.0,bottom,fixed
BuPAD_VSS_T_0,bondpad,PAD70GU_SL,r180,335.0,2000.0,322.5,1956.5925,310.0,1913.185,335.0,2000.0,310.0,1913.185,top,fixed
BuPAD_VSS_T_1,bondpad,PAD70GU_SL,r180,975.0,2000.0,962.5,1956.5925,950.0,1913.185,975.0,2000.0,950.0,1913.185,top,fixed
FILLER_E_0,filler,PFILLER20_G,r90,1600.0,175.0,1532.5,185.0,1465.0,175.0,1600.0,195.0,1465.0,175.0,right,placed
FILLER_E_1,filler,PFILLER20_G,r90,1600.0,195.0,1532.5,205.0,1465.0,195.0,1600.0,215.0,1465.0,195.0,right,placed
FILLER_E_10,filler,PFILLER20_G,r90,1600.0,575.0,1532.5,585.0,1465.0,575.0,1600.0,595.0,1465.0,575.0,right,placed
FILLER_E_11,filler,PFILLER20_G,r90,1600.0,595.0,1532.5,605.0,1465.0,595.0,1600.0,615.0,1465.0,595.0,right,placed
FILLER_E_12,filler,PFILLER20_G,r90,1600.0,655.0,1532.5,665.0,1465.0,655.0,1600.0,675.0,1465.0,655.0,right,placed
FILLER_E_13,filler,PFILLER20_G,r90,1600.0,675.0,1532.5,685.0,1465.0,675.0,1600.0,695.0,1465.0,675.0,right,placed
FILLER_E_14,filler,PFILLER20_G,r90,1600.0,735.0,1532.5,745.0,1465.0,735.0,1600.0,755.0,1465.0,735.0,right,placed
FILLER_E_15,filler,PFILLER20_G,r90,1600.0,755.0,1532.5,765.0,1465.0,755.0,1600.0,775.0,1465.0,755.0,right,placed
FILLER_E_16,filler,PFILLER20_G,r90,1600.0,815.0,1532.5,825.0,1465.0,815.0,1600.0,835.0,1465.0,815.0,right,placed
FILLER_E_17,filler,PFILLER20_G,r90,1600.0,835.0,1532.5,845.0,1465.0,835.0,1600.0,855.0,1465.0,835.0,right,placed
FILLER_E_18,filler,PFILLER20_G,r90,1600.0,895.0,1532.5,905.0,1465.0,895.0,1600.0,915.0,1465.0,895.0,right,placed
FILLER_E_19,filler,PFILLER20_G,r90,1600.0,915.0,1532.5,925.0,1465.0,915.0,1600.0,935.0,1465.0,915.0,right,placed
FILLER_E_2,filler,PFILLER20_G,r90,1600.0,255.0,1532.5,265.0,1465.0,255.0,1600.0,275.0,1465.0,255.0,right,placed
FILLER_E_20,filler,PFILLER20_G,r90,1600.0,975.0,1532.5,985.0,1465.0,975.0,1600.0,995.0,1465.0,975.0,right,placed
FILLER_E_21,filler,PFILLER20_G,r90,1600.0,995.0,1532.5,1005.0,1465.0,995.0,1600.0,1015.0,1465.0,995.0,right,placed
FILLER_E_22,filler,PFILLER20_G,r90,1600.0,1055.0,1532.5,1065.0,1465.0,1055.0,1600.0,1075.0,1465.0,1055.0,right,placed
FILLER_E_23,filler,PFILLER20_G,r90,1600.0,1075.0,1532.5,1085.0,1465.0,1075.0,1600.0,1095.0,1465.0,1075.0,right,placed
FILLER_E_24,filler,PFILLER20_G,r90,1600.0,1135.0,1532.5,1145.0,1465.0,1135.0,1600.0,1155.0,1465.0,1135.0,right,placed
FILLER_E_25,filler,PFILLER20_G,r90,1600.0,1155.0,1532.5,1165.0,1465.0,1155.0,1600.0,1175.0,1465.0,1155.0,right,placed
FILLER_E_26,filler,PFILLER20_G,r90,1600.0,1215.0,1532.5,1225.0,1465.0,1215.0,1600.0,1235.0,1465.0,1215.0,right,placed
FILLER_E_27,filler,PFILLER20_G,r90,1600.0,1235.0,1532.5,1245.0,1465.0,1235.0,1600.0,1255.0,1465.0,1235.0,right,placed
FILLER_E_28,filler,PFILLER20_G,r90,1600.0,1295.0,1532.5,1305.0,1465.0,1295.0,1600.0,1315.0,1465.0,1295.0,right,placed
FILLER_E_29,filler,PFILLER20_G,r90,1600.0,1315.0,1532.5,1325.0,1465.0,1315.0,1600.0,1335.0,1465.0,1315.0,right,placed
FILLER_E_3,filler,PFILLER20_G,r90,1600.0,275.0,1532.5,285.0,1465.0,275.0,1600.0,295.0,1465.0,275.0,right,placed
FILLER_E_30,filler,PFILLER20_G,r90,1600.0,1375.0,1532.5,1385.0,1465.0,1375.0,1600.0,1395.0,1465.0,1375.0,right,placed
FILLER_E_31,filler,PFILLER20_G,r90,1600.0,1395.0,1532.5,1405.0,1465.0,1395.0,1600.0,1415.0,1465.0,1395.0,right,placed
FILLER_E_32,filler,PFILLER20_G,r90,1600.0,1455.0,1532.5,1465.0,1465.0,1455.0,1600.0,1475.0,1465.0,1455.0,right,placed
FILLER_E_33,filler,PFILLER20_G,r90,1600.0,1475.0,1532.5,1485.0,1465.0,1475.0,1600.0,1495.0,1465.0,1475.0,right,placed
FILLER_E_34,filler,PFILLER20_G,r90,1600.0,1535.0,1532.5,1545.0,1465.0,1535.0,1600.0,1555.0,1465.0,1535.0,right,placed
FILLER_E_35,filler,PFILLER20_G,r90,1600.0,1555.0,1532.5,1565.0,1465.0,1555.0,1600.0,1575.0,1465.0,1555.0,right,placed
FILLER_E_36,filler,PFILLER20_G,r90,1600.0,1615.0,1532.5,1625.0,1465.0,1615.0,1600.0,1635.0,1465.0,1615.0,right,placed
FILLER_E_37,filler,PFILLER20_G,r90,1600.0,1635.0,1532.5,1645.0,1465.0,1635.0,1600.0,1655.0,1465.0,1635.0,right,placed
FILLER_E_38,filler,PFILLER20_G,r90,1600.0,1695.0,1532.5,1705.0,1465.0,1695.0,1600.0,1715.0,1465.0,1695.0,right,placed
FILLER_E_39,filler,PFILLER20_G,r90,1600.0,1715.0,1532.5,1725.0,1465.0,1715.0,1600.0,1735.0,1465.0,1715.0,right,placed
FILLER_E_4,filler,PFILLER20_G,r90,1600.0,335.0,1532.5,345.0,1465.0,335.0,1600.0,355.0,1465.0,335.0,right,placed
FILLER_E_40,filler,PFILLER20_G,r90,1600.0,1775.0,1532.5,1785.0,1465.0,1775.0,1600.0,1795.0,1465.0,1775.0,right,placed
FILLER_E_41,filler,PFILLER20_G,r90,1600.0,1795.0,1532.5,1805.0,1465.0,1795.0,1600.0,1815.0,1465.0,1795.0,right,placed
FILLER_E_42,filler,PFILLER10_G,r90,1600.0,135.0,1532.5,140.0,1465.0,135.0,1600.0,145.0,1465.0,135.0,right,placed
FILLER_E_43,filler,PFILLER10_G,r90,1600.0,215.0,1532.5,220.0,1465.0,215.0,1600.0,225.0,1465.0,215.0,right,placed
FILLER_E_44,filler,PFILLER10_G,r90,1600.0,295.0,1532.5,300.0,1465.0,295.0,1600.0,305.0,1465.0,295.0,right,placed
FILLER_E_45,filler,PFILLER10_G,r90,1600.0,375.0,1532.5,380.0,1465.0,375.0,1600.0,385.0,1465.0,375.0,right,placed
FILLER_E_46,filler,PFILLER10_G,r90,1600.0,455.0,1532.5,460.0,1465.0,455.0,1600.0,465.0,1465.0,455.0,right,placed
FILLER_E_47,filler,PFILLER10_G,r90,1600.0,535.0,1532.5,540.0,1465.0,535.0,1600.0,545.0,1465.0,535.0,right,placed
FILLER_E_48,filler,PFILLER10_G,r90,1600.0,615.0,1532.5,620.0,1465.0,615.0,1600.0,625.0,1465.0,615.0,right,placed
FILLER_E_49,filler,PFILLER10_G,r90,1600.0,695.0,1532.5,700.0,1465.0,695.0,1600.0,705.0,1465.0,695.0,right,placed
FILLER_E_5,filler,PFILLER20_G,r90,1600.0,355.0,1532.5,365.0,1465.0,355.0,1600.0,375.0,1465.0,355.0,right,placed
FILLER_E_50,filler,PFILLER10_G,r90,1600.0,775.0,1532.5,780.0,1465.0,775.0,1600.0,785.0,1465.0,775.0,right,placed
FILLER_E_51,filler,PFILLER10_G,r90,1600.0,855.0,1532.5,860.0,1465.0,855.0,1600.0,865.0,1465.0,855.0,right,placed
FILLER_E_52,filler,PFILLER10_G,r90,1600.0,935.0,1532.5,940.0,1465.0,935.0,1600.0,945.0,1465.0,935.0,right,placed
FILLER_E_53,filler,PFILLER10_G,r90,1600.0,1015.0,1532.5,1020.0,1465.0,1015.0,1600.0,1025.0,1465.0,1015.0,right,placed
FILLER_E_54,filler,PFILLER10_G,r90,1600.0,1095.0,1532.5,1100.0,1465.0,1095.0,1600.0,1105.0,1465.0,1095.0,right,placed
FILLER_E_55,filler,PFILLER10_G,r90,1600.0,1175.0,1532.5,1180.0,1465.0,1175.0,1600.0,1185.0,1465.0,1175.0,right,placed
FILLER_E_56,filler,PFILLER10_G,r90,1600.0,1255.0,1532.5,1260.0,1465.0,1255.0,1600.0,1265.0,1465.0,1255.0,right,placed
FILLER_E_57,filler,PFILLER10_G,r90,1600.0,1335.0,1532.5,1340.0,1465.0,1335.0,1600.0,1345.0,1465.0,1335.0,right,placed
FILLER_E_58,filler,PFILLER10_G,r90,1600.0,1415.0,1532.5,1420.0,1465.0,1415.0,1600.0,1425.0,1465.0,1415.0,right,placed
FILLER_E_59,filler,PFILLER10_G,r90,1600.0,1495.0,1532.5,1500.0,1465.0,1495.0,1600.0,1505.0,1465.0,1495.0,right,placed
FILLER_E_6,filler,PFILLER20_G,r90,1600.0,415.0,1532.5,425.0,1465.0,415.0,1600.0,435.0,1465.0,415.0,right,placed
FILLER_E_60,filler,PFILLER10_G,r90,1600.0,1575.0,1532.5,1580.0,1465.0,1575.0,1600.0,1585.0,1465.0,1575.0,right,placed
FILLER_E_61,filler,PFILLER10_G,r90,1600.0,1655.0,1532.5,1660.0,1465.0,1655.0,1600.0,1665.0,1465.0,1655.0,right,placed
FILLER_E_62,filler,PFILLER10_G,r90,1600.0,1735.0,1532.5,1740.0,1465.0,1735.0,1600.0,1745.0,1465.0,1735.0,right,placed
FILLER_E_63,filler,PFILLER10_G,r90,1600.0,1815.0,1532.5,1820.0,1465.0,1815.0,1600.0,1825.0,1465.0,1815.0,right,placed
FILLER_E_64,filler,PFILLER10_G,r90,1600.0,1855.0,1532.5,1860.0,1465.0,1855.0,1600.0,1865.0,1465.0,1855.0,right,placed
FILLER_E_65,filler,PFILLER5_G,r90,1600.0,145.0,1532.5,147.5,1465.0,145.0,1600.0,150.0,1465.0,145.0,right,placed
FILLER_E_66,filler,PFILLER5_G,r90,1600.0,225.0,1532.5,227.5,1465.0,225.0,1600.0,230.0,1465.0,225.0,right,placed
FILLER_E_67,filler,PFILLER5_G,r90,1600.0,305.0,1532.5,307.5,1465.0,305.0,1600.0,310.0,1465.0,305.0,right,placed
FILLER_E_68,filler,PFILLER5_G,r90,1600.0,385.0,1532.5,387.5,1465.0,385.0,1600.0,390.0,1465.0,385.0,right,placed
FILLER_E_69,filler,PFILLER5_G,r90,1600.0,465.0,1532.5,467.5,1465.0,465.0,1600.0,470.0,1465.0,465.0,right,placed
FILLER_E_7,filler,PFILLER20_G,r90,1600.0,435.0,1532.5,445.0,1465.0,435.0,1600.0,455.0,1465.0,435.0,right,placed
FILLER_E_70,filler,PFILLER5_G,r90,1600.0,545.0,1532.5,547.5,1465.0,545.0,1600.0,550.0,1465.0,545.0,right,placed
FILLER_E_71,filler,PFILLER5_G,r90,1600.0,625.0,1532.5,627.5,1465.0,625.0,1600.0,630.0,1465.0,625.0,right,placed
FILLER_E_72,filler,PFILLER5_G,r90,1600.0,705.0,1532.5,707.5,1465.0,705.0,1600.0,710.0,1465.0,705.0,right,placed
FILLER_E_73,filler,PFILLER5_G,r90,1600.0,785.0,1532.5,787.5,1465.0,785.0,1600.0,790.0,1465.0,785.0,right,placed
FILLER_E_74,filler,PFILLER5_G,r90,1600.0,865.0,1532.5,867.5,1465.0,865.0,1600.0,870.0,1465.0,865.0,right,placed
FILLER_E_75,filler,PFILLER5_G,r90,1600.0,945.0,1532.5,947.5,1465.0,945.0,1600.0,950.0,1465.0,945.0,right,placed
FILLER_E_76,filler,PFILLER5_G,r90,1600.0,1025.0,1532.5,1027.5,1465.0,1025.0,1600.0,1030.0,1465.0,1025.0,right,placed
FILLER_E_77,filler,PFILLER5_G,r90,1600.0,1105.0,1532.5,1107.5,1465.0,1105.0,1600.0,1110.0,1465.0,1105.0,right,placed
FILLER_E_78,filler,PFILLER5_G,r90,1600.0,1185.0,1532.5,1187.5,1465.0,1185.0,1600.0,1190.0,1465.0,1185.0,right,placed
FILLER_E_79,filler,PFILLER5_G,r90,1600.0,1265.0,1532.5,1267.5,1465.0,1265.0,1600.0,1270.0,1465.0,1265.0,right,placed
FILLER_E_8,filler,PFILLER20_G,r90,1600.0,495.0,1532.5,505.0,1465.0,495.0,1600.0,515.0,1465.0,495.0,right,placed
FILLER_E_80,filler,PFILLER5_G,r90,1600.0,1345.0,1532.5,1347.5,1465.0,1345.0,1600.0,1350.0,1465.0,1345.0,right,placed
FILLER_E_81,filler,PFILLER5_G,r90,1600.0,1425.0,1532.5,1427.5,1465.0,1425.0,1600.0,1430.0,1465.0,1425.0,right,placed
FILLER_E_82,filler,PFILLER5_G,r90,1600.0,1505.0,1532.5,1507.5,1465.0,1505.0,1600.0,1510.0,1465.0,1505.0,right,placed
FILLER_E_83,filler,PFILLER5_G,r90,1600.0,1585.0,1532.5,1587.5,1465.0,1585.0,1600.0,1590.0,1465.0,1585.0,right,placed
FILLER_E_84,filler,PFILLER5_G,r90,1600.0,1665.0,1532.5,1667.5,1465.0,1665.0,1600.0,1670.0,1465.0,1665.0,right,placed
FILLER_E_85,filler,PFILLER5_G,r90,1600.0,1745.0,1532.5,1747.5,1465.0,1745.0,1600.0,1750.0,1465.0,1745.0,right,placed
FILLER_E_86,filler,PFILLER5_G,r90,1600.0,1825.0,1532.5,1827.5,1465.0,1825.0,1600.0,1830.0,1465.0,1825.0,right,placed
FILLER_E_9,filler,PFILLER20_G,r90,1600.0,515.0,1532.5,525.0,1465.0,515.0,1600.0,535.0,1465.0,515.0,right,placed
FILLER_N_0,filler,PFILLER20_G,r180,195.0,2000.0,185.0,1932.5,175.0,1865.0,195.0,2000.0,175.0,1865.0,top,placed
FILLER_N_1,filler,PFILLER20_G,r180,215.0,2000.0,205.0,1932.5,195.0,1865.0,215.0,2000.0,195.0,1865.0,top,placed
FILLER_N_10,filler,PFILLER20_G,r180,595.0,2000.0,585.0,1932.5,575.0,1865.0,595.0,2000.0,575.0,1865.0,top,placed
FILLER_N_11,filler,PFILLER20_G,r180,615.0,2000.0,605.0,1932.5,595.0,1865.0,615.0,2000.0,595.0,1865.0,top,placed
FILLER_N_12,filler,PFILLER20_G,r180,675.0,2000.0,665.0,1932.5,655.0,1865.0,675.0,2000.0,655.0,1865.0,top,placed
FILLER_N_13,filler,PFILLER20_G,r180,695.0,2000.0,685.0,1932.5,675.0,1865.0,695.0,2000.0,675.0,1865.0,top,placed
FILLER_N_14,filler,PFILLER20_G,r180,755.0,2000.0,745.0,1932.5,735.0,1865.0,755.0,2000.0,735.0,1865.0,top,placed
FILLER_N_15,filler,PFILLER20_G,r180,775.0,2000.0,765.0,1932.5,755.0,1865.0,775.0,2000.0,755.0,1865.0,top,placed
FILLER_N_16,filler,PFILLER20_G,r180,835.0,2000.0,825.0,1932.5,815.0,1865.0,835.0,2000.0,815.0,1865.0,top,placed
FILLER_N_17,filler,PFILLER20_G,r180,855.0,2000.0,845.0,1932.5,835.0,1865.0,855.0,2000.0,835.0,1865.0,top,placed
FILLER_N_18,filler,PFILLER20_G,r180,915.0,2000.0,905.0,1932.5,895.0,1865.0,915.0,2000.0,895.0,1865.0,top,placed
FILLER_N_19,filler,PFILLER20_G,r180,935.0,2000.0,925.0,1932.5,915.0,1865.0,935.0,2000.0,915.0,1865.0,top,placed
FILLER_N_2,filler,PFILLER20_G,r180,275.0,2000.0,265.0,1932.5,255.0,1865.0,275.0,2000.0,255.0,1865.0,top,placed
FILLER_N_20,filler,PFILLER20_G,r180,995.0,2000.0,985.0,1932.5,975.0,1865.0,995.0,2000.0,975.0,1865.0,top,placed
FILLER_N_21,filler,PFILLER20_G,r180,1015.0,2000.0,1005.0,1932.5,995.0,1865.0,1015.0,2000.0,995.0,1865.0,top,placed
FILLER_N_22,filler,PFILLER20_G,r180,1075.0,2000.0,1065.0,1932.5,1055.0,1865.0,1075.0,2000.0,1055.0,1865.0,top,placed
FILLER_N_23,filler,PFILLER20_G,r180,1095.0,2000.0,1085.0,1932.5,1075.0,1865.0,1095.0,2000.0,1075.0,1865.0,top,placed
FILLER_N_24,filler,PFILLER20_G,r180,1155.0,2000.0,1145.0,1932.5,1135.0,1865.0,1155.0,2000.0,1135.0,1865.0,top,placed
FILLER_N_25,filler,PFILLER20_G,r180,1175.0,2000.0,1165.0,1932.5,1155.0,1865.0,1175.0,2000.0,1155.0,1865.0,top,placed
FILLER_N_26,filler,PFILLER20_G,r180,1235.0,2000.0,1225.0,1932.5,1215.0,1865.0,1235.0,2000.0,1215.0,1865.0,top,placed
FILLER_N_27,filler,PFILLER20_G,r180,1255.0,2000.0,1245.0,1932.5,1235.0,1865.0,1255.0,2000.0,1235.0,1865.0,top,placed
FILLER_N_28,filler,PFILLER20_G,r180,1315.0,2000.0,1305.0,1932.5,1295.0,1865.0,1315.0,2000.0,1295.0,1865.0,top,placed
FILLER_N_29,filler,PFILLER20_G,r180,1335.0,2000.0,1325.0,1932.5,1315.0,1865.0,1335.0,2000.0,1315.0,1865.0,top,placed
FILLER_N_3,filler,PFILLER20_G,r180,295.0,2000.0,285.0,1932.5,275.0,1865.0,295.0,2000.0,275.0,1865.0,top,placed
FILLER_N_30,filler,PFILLER20_G,r180,1395.0,2000.0,1385.0,1932.5,1375.0,1865.0,1395.0,2000.0,1375.0,1865.0,top,placed
FILLER_N_31,filler,PFILLER20_G,r180,1415.0,2000.0,1405.0,1932.5,1395.0,1865.0,1415.0,2000.0,1395.0,1865.0,top,placed
FILLER_N_32,filler,PFILLER10_G,r180,145.0,2000.0,140.0,1932.5,135.0,1865.0,145.0,2000.0,135.0,1865.0,left,placed
FILLER_N_33,filler,PFILLER10_G,r180,225.0,2000.0,220.0,1932.5,215.0,1865.0,225.0,2000.0,215.0,1865.0,top,placed
FILLER_N_34,filler,PFILLER10_G,r180,305.0,2000.0,300.0,1932.5,295.0,1865.0,305.0,2000.0,295.0,1865.0,top,placed
FILLER_N_35,filler,PFILLER10_G,r180,385.0,2000.0,380.0,1932.5,375.0,1865.0,385.0,2000.0,375.0,1865.0,top,placed
FILLER_N_36,filler,PFILLER10_G,r180,465.0,2000.0,460.0,1932.5,455.0,1865.0,465.0,2000.0,455.0,1865.0,top,placed
FILLER_N_37,filler,PFILLER10_G,r180,545.0,2000.0,540.0,1932.5,535.0,1865.0,545.0,2000.0,535.0,1865.0,top,placed
FILLER_N_38,filler,PFILLER10_G,r180,625.0,2000.0,620.0,1932.5,615.0,1865.0,625.0,2000.0,615.0,1865.0,top,placed
FILLER_N_39,filler,PFILLER10_G,r180,705.0,2000.0,700.0,1932.5,695.0,1865.0,705.0,2000.0,695.0,1865.0,top,placed
FILLER_N_4,filler,PFILLER20_G,r180,355.0,2000.0,345.0,1932.5,335.0,1865.0,355.0,2000.0,335.0,1865.0,top,placed
FILLER_N_40,filler,PFILLER10_G,r180,785.0,2000.0,780.0,1932.5,775.0,1865.0,785.0,2000.0,775.0,1865.0,top,placed
FILLER_N_41,filler,PFILLER10_G,r180,865.0,2000.0,860.0,1932.5,855.0,1865.0,865.0,2000.0,855.0,1865.0,top,placed
FILLER_N_42,filler,PFILLER10_G,r180,945.0,2000.0,940.0,1932.5,935.0,1865.0,945.0,2000.0,935.0,1865.0,top,placed
FILLER_N_43,filler,PFILLER10_G,r180,1025.0,2000.0,1020.0,1932.5,1015.0,1865.0,1025.0,2000.0,1015.0,1865.0,top,placed
FILLER_N_44,filler,PFILLER10_G,r180,1105.0,2000.0,1100.0,1932.5,1095.0,1865.0,1105.0,2000.0,1095.0,1865.0,top,placed
FILLER_N_45,filler,PFILLER10_G,r180,1185.0,2000.0,1180.0,1932.5,1175.0,1865.0,1185.0,2000.0,1175.0,1865.0,top,placed
FILLER_N_46,filler,PFILLER10_G,r180,1265.0,2000.0,1260.0,1932.5,1255.0,1865.0,1265.0,2000.0,1255.0,1865.0,top,placed
FILLER_N_47,filler,PFILLER10_G,r180,1345.0,2000.0,1340.0,1932.5,1335.0,1865.0,1345.0,2000.0,1335.0,1865.0,top,placed
FILLER_N_48,filler,PFILLER10_G,r180,1425.0,2000.0,1420.0,1932.5,1415.0,1865.0,1425.0,2000.0,1415.0,1865.0,top,placed
FILLER_N_49,filler,PFILLER10_G,r180,1465.0,2000.0,1460.0,1932.5,1455.0,1865.0,1465.0,2000.0,1455.0,1865.0,top,placed
FILLER_N_5,filler,PFILLER20_G,r180,375.0,2000.0,365.0,1932.5,355.0,1865.0,375.0,2000.0,355.0,1865.0,top,placed
FILLER_N_50,filler,PFILLER5_G,r180,150.0,2000.0,147.5,1932.5,145.0,1865.0,150.0,2000.0,145.0,1865.0,top,placed
FILLER_N_51,filler,PFILLER5_G,r180,230.0,2000.0,227.5,1932.5,225.0,1865.0,230.0,2000.0,225.0,1865.0,top,placed
FILLER_N_52,filler,PFILLER5_G,r180,310.0,2000.0,307.5,1932.5,305.0,1865.0,310.0,2000.0,305.0,1865.0,top,placed
FILLER_N_53,filler,PFILLER5_G,r180,390.0,2000.0,387.5,1932.5,385.0,1865.0,390.0,2000.0,385.0,1865.0,top,placed
FILLER_N_54,filler,PFILLER5_G,r180,470.0,2000.0,467.5,1932.5,465.0,1865.0,470.0,2000.0,465.0,1865.0,top,placed
FILLER_N_55,filler,PFILLER5_G,r180,550.0,2000.0,547.5,1932.5,545.0,1865.0,550.0,2000.0,545.0,1865.0,top,placed
FILLER_N_56,filler,PFILLER5_G,r180,630.0,2000.0,627.5,1932.5,625.0,1865.0,630.0,2000.0,625.0,1865.0,top,placed
FILLER_N_57,filler,PFILLER5_G,r180,710.0,2000.0,707.5,1932.5,705.0,1865.0,710.0,2000.0,705.0,1865.0,top,placed
FILLER_N_58,filler,PFILLER5_G,r180,790.0,2000.0,787.5,1932.5,785.0,1865.0,790.0,2000.0,785.0,1865.0,top,placed
FILLER_N_59,filler,PFILLER5_G,r180,870.0,2000.0,867.5,1932.5,865.0,1865.0,870.0,2000.0,865.0,1865.0,top,placed
FILLER_N_6,filler,PFILLER20_G,r180,435.0,2000.0,425.0,1932.5,415.0,1865.0,435.0,2000.0,415.0,1865.0,top,placed
FILLER_N_60,filler,PFILLER5_G,r180,950.0,2000.0,947.5,1932.5,945.0,1865.0,950.0,2000.0,945.0,1865.0,top,placed
FILLER_N_61,filler,PFILLER5_G,r180,1030.0,2000.0,1027.5,1932.5,1025.0,1865.0,1030.0,2000.0,1025.0,1865.0,top,placed
FILLER_N_62,filler,PFILLER5_G,r180,1110.0,2000.0,1107.5,1932.5,1105.0,1865.0,1110.0,2000.0,1105.0,1865.0,top,placed
FILLER_N_63,filler,PFILLER5_G,r180,1190.0,2000.0,1187.5,1932.5,1185.0,1865.0,1190.0,2000.0,1185.0,1865.0,top,placed
FILLER_N_64,filler,PFILLER5_G,r180,1270.0,2000.0,1267.5,1932.5,1265.0,1865.0,1270.0,2000.0,1265.0,1865.0,top,placed
FILLER_N_65,filler,PFILLER5_G,r180,1350.0,2000.0,1347.5,1932.5,1345.0,1865.0,1350.0,2000.0,1345.0,1865.0,top,placed
FILLER_N_66,filler,PFILLER5_G,r180,1430.0,2000.0,1427.5,1932.5,1425.0,1865.0,1430.0,2000.0,1425.0,1865.0,top,placed
FILLER_N_7,filler,PFILLER20_G,r180,455.0,2000.0,445.0,1932.5,435.0,1865.0,455.0,2000.0,435.0,1865.0,top,placed
FILLER_N_8,filler,PFILLER20_G,r180,515.0,2000.0,505.0,1932.5,495.0,1865.0,515.0,2000.0,495.0,1865.0,top,placed
FILLER_N_9,filler,PFILLER20_G,r180,535.0,2000.0,525.0,1932.5,515.0,1865.0,535.0,2000.0,515.0,1865.0,top,placed
FILLER_S_0,filler,PFILLER20_G,r0,175.0,0.0,185.0,67.5,175.0,0.0,195.0,135.0,175.0,0.0,bottom,placed
FILLER_S_1,filler,PFILLER20_G,r0,195.0,0.0,205.0,67.5,195.0,0.0,215.0,135.0,195.0,0.0,bottom,placed
FILLER_S_10,filler,PFILLER20_G,r0,575.0,0.0,585.0,67.5,575.0,0.0,595.0,135.0,575.0,0.0,bottom,placed
FILLER_S_11,filler,PFILLER20_G,r0,595.0,0.0,605.0,67.5,595.0,0.0,615.0,135.0,595.0,0.0,bottom,placed
FILLER_S_12,filler,PFILLER20_G,r0,655.0,0.0,665.0,67.5,655.0,0.0,675.0,135.0,655.0,0.0,bottom,placed
FILLER_S_13,filler,PFILLER20_G,r0,675.0,0.0,685.0,67.5,675.0,0.0,695.0,135.0,675.0,0.0,bottom,placed
FILLER_S_14,filler,PFILLER20_G,r0,735.0,0.0,745.0,67.5,735.0,0.0,755.0,135.0,735.0,0.0,bottom,placed
FILLER_S_15,filler,PFILLER20_G,r0,755.0,0.0,765.0,67.5,755.0,0.0,775.0,135.0,755.0,0.0,bottom,placed
FILLER_S_16,filler,PFILLER20_G,r0,815.0,0.0,825.0,67.5,815.0,0.0,835.0,135.0,815.0,0.0,bottom,placed
FILLER_S_17,filler,PFILLER20_G,r0,835.0,0.0,845.0,67.5,835.0,0.0,855.0,135.0,835.0,0.0,bottom,placed
FILLER_S_18,filler,PFILLER20_G,r0,895.0,0.0,905.0,67.5,895.0,0.0,915.0,135.0,895.0,0.0,bottom,placed
FILLER_S_19,filler,PFILLER20_G,r0,915.0,0.0,925.0,67.5,915.0,0.0,935.0,135.0,915.0,0.0,bottom,placed
FILLER_S_2,filler,PFILLER20_G,r0,255.0,0.0,265.0,67.5,255.0,0.0,275.0,135.0,255.0,0.0,bottom,placed
FILLER_S_20,filler,PFILLER20_G,r0,975.0,0.0,985.0,67.5,975.0,0.0,995.0,135.0,975.0,0.0,bottom,placed
FILLER_S_21,filler,PFILLER20_G,r0,995.0,0.0,1005.0,67.5,995.0,0.0,1015.0,135.0,995.0,0.0,bottom,placed
FILLER_S_22,filler,PFILLER20_G,r0,1055.0,0.0,1065.0,67.5,1055.0,0.0,1075.0,135.0,1055.0,0.0,bottom,placed
FILLER_S_23,filler,PFILLER20_G,r0,1075.0,0.0,1085.0,67.5,1075.0,0.0,1095.0,135.0,1075.0,0.0,bottom,placed
FILLER_S_24,filler,PFILLER20_G,r0,1135.0,0.0,1145.0,67.5,1135.0,0.0,1155.0,135.0,1135.0,0.0,bottom,placed
FILLER_S_25,filler,PFILLER20_G,r0,1155.0,0.0,1165.0,67.5,1155.0,0.0,1175.0,135.0,1155.0,0.0,bottom,placed
FILLER_S_26,filler,PFILLER20_G,r0,1215.0,0.0,1225.0,67.5,1215.0,0.0,1235.0,135.0,1215.0,0.0,bottom,placed
FILLER_S_27,filler,PFILLER20_G,r0,1235.0,0.0,1245.0,67.5,1235.0,0.0,1255.0,135.0,1235.0,0.0,bottom,placed
FILLER_S_28,filler,PFILLER20_G,r0,1295.0,0.0,1305.0,67.5,1295.0,0.0,1315.0,135.0,1295.0,0.0,bottom,placed
FILLER_S_29,filler,PFILLER20_G,r0,1315.0,0.0,1325.0,67.5,1315.0,0.0,1335.0,135.0,1315.0,0.0,bottom,placed
FILLER_S_3,filler,PFILLER20_G,r0,275.0,0.0,285.0,67.5,275.0,0.0,295.0,135.0,275.0,0.0,bottom,placed
FILLER_S_30,filler,PFILLER20_G,r0,1375.0,0.0,1385.0,67.5,1375.0,0.0,1395.0,135.0,1375.0,0.0,bottom,placed
FILLER_S_31,filler,PFILLER20_G,r0,1395.0,0.0,1405.0,67.5,1395.0,0.0,1415.0,135.0,1395.0,0.0,bottom,placed
FILLER_S_32,filler,PFILLER10_G,r0,135.0,0.0,140.0,67.5,135.0,0.0,145.0,135.0,135.0,0.0,bottom,placed
FILLER_S_33,filler,PFILLER10_G,r0,215.0,0.0,220.0,67.5,215.0,0.0,225.0,135.0,215.0,0.0,bottom,placed
FILLER_S_34,filler,PFILLER10_G,r0,295.0,0.0,300.0,67.5,295.0,0.0,305.0,135.0,295.0,0.0,bottom,placed
FILLER_S_35,filler,PFILLER10_G,r0,375.0,0.0,380.0,67.5,375.0,0.0,385.0,135.0,375.0,0.0,bottom,placed
FILLER_S_36,filler,PFILLER10_G,r0,455.0,0.0,460.0,67.5,455.0,0.0,465.0,135.0,455.0,0.0,bottom,placed
FILLER_S_37,filler,PFILLER10_G,r0,535.0,0.0,540.0,67.5,535.0,0.0,545.0,135.0,535.0,0.0,bottom,placed
FILLER_S_38,filler,PFILLER10_G,r0,615.0,0.0,620.0,67.5,615.0,0.0,625.0,135.0,615.0,0.0,bottom,placed
FILLER_S_39,filler,PFILLER10_G,r0,695.0,0.0,700.0,67.5,695.0,0.0,705.0,135.0,695.0,0.0,bottom,placed
FILLER_S_4,filler,PFILLER20_G,r0,335.0,0.0,345.0,67.5,335.0,0.0,355.0,135.0,335.0,0.0,bottom,placed
FILLER_S_40,filler,PFILLER10_G,r0,775.0,0.0,780.0,67.5,775.0,0.0,785.0,135.0,775.0,0.0,bottom,placed
FILLER_S_41,filler,PFILLER10_G,r0,855.0,0.0,860.0,67.5,855.0,0.0,865.0,135.0,855.0,0.0,bottom,placed
FILLER_S_42,filler,PFILLER10_G,r0,935.0,0.0,940.0,67.5,935.0,0.0,945.0,135.0,935.0,0.0,bottom,placed
FILLER_S_43,filler,PFILLER10_G,r0,1015.0,0.0,1020.0,67.5,1015.0,0.0,1025.0,135.0,1015.0,0.0,bottom,placed
FILLER_S_44,filler,PFILLER10_G,r0,1095.0,0.0,1100.0,67.5,1095.0,0.0,1105.0,135.0,1095.0,0.0,bottom,placed
FILLER_S_45,filler,PFILLER10_G,r0,1175.0,0.0,1180.0,67.5,1175.0,0.0,1185.0,135.0,1175.0,0.0,bottom,placed
FILLER_S_46,filler,PFILLER10_G,r0,1255.0,0.0,1260.0,67.5,1255.0,0.0,1265.0,135.0,1255.0,0.0,bottom,placed
FILLER_S_47,filler,PFILLER10_G,r0,1335.0,0.0,1340.0,67.5,1335.0,0.0,1345.0,135.0,1335.0,0.0,bottom,placed
FILLER_S_48,filler,PFILLER10_G,r0,1415.0,0.0,1420.0,67.5,1415.0,0.0,1425.0,135.0,1415.0,0.0,bottom,placed
FILLER_S_49,filler,PFILLER10_G,r0,1455.0,0.0,1460.0,67.5,1455.0,0.0,1465.0,135.0,1455.0,0.0,bottom,placed
FILLER_S_5,filler,PFILLER20_G,r0,355.0,0.0,365.0,67.5,355.0,0.0,375.0,135.0,355.0,0.0,bottom,placed
FILLER_S_50,filler,PFILLER5_G,r0,145.0,0.0,147.5,67.5,145.0,0.0,150.0,135.0,145.0,0.0,bottom,placed
FILLER_S_51,filler,PFILLER5_G,r0,225.0,0.0,227.5,67.5,225.0,0.0,230.0,135.0,225.0,0.0,bottom,placed
FILLER_S_52,filler,PFILLER5_G,r0,305.0,0.0,307.5,67.5,305.0,0.0,310.0,135.0,305.0,0.0,bottom,placed
FILLER_S_53,filler,PFILLER5_G,r0,385.0,0.0,387.5,67.5,385.0,0.0,390.0,135.0,385.0,0.0,bottom,placed
FILLER_S_54,filler,PFILLER5_G,r0,465.0,0.0,467.5,67.5,465.0,0.0,470.0,135.0,465.0,0.0,bottom,placed
FILLER_S_55,filler,PFILLER5_G,r0,545.0,0.0,547.5,67.5,545.0,0.0,550.0,135.0,545.0,0.0,bottom,placed
FILLER_S_56,filler,PFILLER5_G,r0,625.0,0.0,627.5,67.5,625.0,0.0,630.0,135.0,625.0,0.0,bottom,placed
FILLER_S_57,filler,PFILLER5_G,r0,705.0,0.0,707.5,67.5,705.0,0.0,710.0,135.0,705.0,0.0,bottom,placed
FILLER_S_58,filler,PFILLER5_G,r0,785.0,0.0,787.5,67.5,785.0,0.0,790.0,135.0,785.0,0.0,bottom,placed
FILLER_S_59,filler,PFILLER5_G,r0,865.0,0.0,867.5,67.5,865.0,0.0,870.0,135.0,865.0,0.0,bottom,placed
FILLER_S_6,filler,PFILLER20_G,r0,415.0,0.0,425.0,67.5,415.0,0.0,435.0,135.0,415.0,0.0,bottom,placed
FILLER_S_60,filler,PFILLER5_G,r0,945.0,0.0,947.5,67.5,945.0,0.0,950.0,135.0,945.0,0.0,bottom,placed
FILLER_S_61,filler,PFILLER5_G,r0,1025.0,0.0,1027.5,67.5,1025.0,0.0,1030.0,135.0,1025.0,0.0,bottom,placed
FILLER_S_62,filler,PFILLER5_G,r0,1105.0,0.0,1107.5,67.5,1105.0,0.0,1110.0,135.0,1105.0,0.0,bottom,placed
FILLER_S_63,filler,PFILLER5_G,r0,1185.0,0.0,1187.5,67.5,1185.0,0.0,1190.0,135.0,1185.0,0.0,bottom,placed
FILLER_S_64,filler,PFILLER5_G,r0,1265.0,0.0,1267.5,67.5,1265.0,0.0,1270.0,135.0,1265.0,0.0,bottom,placed
FILLER_S_65,filler,PFILLER5_G,r0,1345.0,0.0,1347.5,67.5,1345.0,0.0,1350.0,135.0,1345.0,0.0,bottom,placed
FILLER_S_66,filler,PFILLER5_G,r0,1425.0,0.0,1427.5,67.5,1425.0,0.0,1430.0,135.0,1425.0,0.0,bottom,placed
FILLER_S_7,filler,PFILLER20_G,r0,435.0,0.0,445.0,67.5,435.0,0.0,455.0,135.0,435.0,0.0,bottom,placed
FILLER_S_8,filler,PFILLER20_G,r0,495.0,0.0,505.0,67.5,495.0,0.0,515.0,135.0,495.0,0.0,bottom,placed
FILLER_S_9,filler,PFILLER20_G,r0,515.0,0.0,525.0,67.5,515.0,0.0,535.0,135.0,515.0,0.0,bottom,placed
FILLER_W_0,filler,PFILLER20_G,r270,0.0,195.0,67.5,185.0,0.0,175.0,135.0,195.0,0.0,175.0,left,placed
FILLER_W_1,filler,PFILLER20_G,r270,0.0,215.0,67.5,205.0,0.0,195.0,135.0,215.0,0.0,195.0,left,placed
FILLER_W_10,filler,PFILLER20_G,r270,0.0,530.0,67.5,520.0,0.0,510.0,135.0,530.0,0.0,510.0,left,placed
FILLER_W_100,filler,PFILLER1_G,r270,0.0,1757.0,67.5,1756.5,0.0,1756.0,135.0,1757.0,0.0,1756.0,left,placed
FILLER_W_101,filler,PFILLER1_G,r270,0.0,1758.0,67.5,1757.5,0.0,1757.0,135.0,1758.0,0.0,1757.0,left,placed
FILLER_W_102,filler,PFILLER1_G,r270,0.0,1824.0,67.5,1823.5,0.0,1823.0,135.0,1824.0,0.0,1823.0,left,placed
FILLER_W_103,filler,PFILLER1_G,r270,0.0,1825.0,67.5,1824.5,0.0,1824.0,135.0,1825.0,0.0,1824.0,left,placed
FILLER_W_11,filler,PFILLER20_G,r270,0.0,550.0,67.5,540.0,0.0,530.0,135.0,550.0,0.0,530.0,left,placed
FILLER_W_12,filler,PFILLER20_G,r270,0.0,597.0,67.5,587.0,0.0,577.0,135.0,597.0,0.0,577.0,left,placed
FILLER_W_13,filler,PFILLER20_G,r270,0.0,617.0,67.5,607.0,0.0,597.0,135.0,617.0,0.0,597.0,left,placed
FILLER_W_14,filler,PFILLER20_G,r270,0.0,664.0,67.5,654.0,0.0,644.0,135.0,664.0,0.0,644.0,left,placed
FILLER_W_15,filler,PFILLER20_G,r270,0.0,684.0,67.5,674.0,0.0,664.0,135.0,684.0,0.0,664.0,left,placed
FILLER_W_16,filler,PFILLER20_G,r270,0.0,731.0,67.5,721.0,0.0,711.0,135.0,731.0,0.0,711.0,left,placed
FILLER_W_17,filler,PFILLER20_G,r270,0.0,751.0,67.5,741.0,0.0,731.0,135.0,751.0,0.0,731.0,left,placed
FILLER_W_18,filler,PFILLER20_G,r270,0.0,798.0,67.5,788.0,0.0,778.0,135.0,798.0,0.0,778.0,left,placed
FILLER_W_19,filler,PFILLER20_G,r270,0.0,818.0,67.5,808.0,0.0,798.0,135.0,818.0,0.0,798.0,left,placed
FILLER_W_2,filler,PFILLER20_G,r270,0.0,262.0,67.5,252.0,0.0,242.0,135.0,262.0,0.0,242.0,left,placed
FILLER_W_20,filler,PFILLER20_G,r270,0.0,865.0,67.5,855.0,0.0,845.0,135.0,865.0,0.0,845.0,left,placed
FILLER_W_21,filler,PFILLER20_G,r270,0.0,885.0,67.5,875.0,0.0,865.0,135.0,885.0,0.0,865.0,left,placed
FILLER_W_22,filler,PFILLER20_G,r270,0.0,932.0,67.5,922.0,0.0,912.0,135.0,932.0,0.0,912.0,left,placed
FILLER_W_23,filler,PFILLER20_G,r270,0.0,952.0,67.5,942.0,0.0,932.0,135.0,952.0,0.0,932.0,left,placed
FILLER_W_24,filler,PFILLER20_G,r270,0.0,999.0,67.5,989.0,0.0,979.0,135.0,999.0,0.0,979.0,left,placed
FILLER_W_25,filler,PFILLER20_G,r270,0.0,1019.0,67.5,1009.0,0.0,999.0,135.0,1019.0,0.0,999.0,left,placed
FILLER_W_26,filler,PFILLER20_G,r270,0.0,1066.0,67.5,1056.0,0.0,1046.0,135.0,1066.0,0.0,1046.0,left,placed
FILLER_W_27,filler,PFILLER20_G,r270,0.0,1086.0,67.5,1076.0,0.0,1066.0,135.0,1086.0,0.0,1066.0,left,placed
FILLER_W_28,filler,PFILLER20_G,r270,0.0,1133.0,67.5,1123.0,0.0,1113.0,135.0,1133.0,0.0,1113.0,left,placed
FILLER_W_29,filler,PFILLER20_G,r270,0.0,1153.0,67.5,1143.0,0.0,1133.0,135.0,1153.0,0.0,1133.0,left,placed
FILLER_W_3,filler,PFILLER20_G,r270,0.0,282.0,67.5,272.0,0.0,262.0,135.0,282.0,0.0,262.0,left,placed
FILLER_W_30,filler,PFILLER20_G,r270,0.0,1200.0,67.5,1190.0,0.0,1180.0,135.0,1200.0,0.0,1180.0,left,placed
FILLER_W_31,filler,PFILLER20_G,r270,0.0,1220.0,67.5,1210.0,0.0,1200.0,135.0,1220.0,0.0,1200.0,left,placed
FILLER_W_32,filler,PFILLER20_G,r270,0.0,1267.0,67.5,1257.0,0.0,1247.0,135.0,1267.0,0.0,1247.0,left,placed
FILLER_W_33,filler,PFILLER20_G,r270,0.0,1287.0,67.5,1277.0,0.0,1267.0,135.0,1287.0,0.0,1267.0,left,placed
FILLER_W_34,filler,PFILLER20_G,r270,0.0,1334.0,67.5,1324.0,0.0,1314.0,135.0,1334.0,0.0,1314.0,left,placed
FILLER_W_35,filler,PFILLER20_G,r270,0.0,1354.0,67.5,1344.0,0.0,1334.0,135.0,1354.0,0.0,1334.0,left,placed
FILLER_W_36,filler,PFILLER20_G,r270,0.0,1401.0,67.5,1391.0,0.0,1381.0,135.0,1401.0,0.0,1381.0,left,placed
FILLER_W_37,filler,PFILLER20_G,r270,0.0,1421.0,67.5,1411.0,0.0,1401.0,135.0,1421.0,0.0,1401.0,left,placed
FILLER_W_38,filler,PFILLER20_G,r270,0.0,1468.0,67.5,1458.0,0.0,1448.0,135.0,1468.0,0.0,1448.0,left,placed
FILLER_W_39,filler,PFILLER20_G,r270,0.0,1488.0,67.5,1478.0,0.0,1468.0,135.0,1488.0,0.0,1468.0,left,placed
FILLER_W_4,filler,PFILLER20_G,r270,0.0,329.0,67.5,319.0,0.0,309.0,135.0,329.0,0.0,309.0,left,placed
FILLER_W_40,filler,PFILLER20_G,r270,0.0,1535.0,67.5,1525.0,0.0,1515.0,135.0,1535.0,0.0,1515.0,left,placed
FILLER_W_41,filler,PFILLER20_G,r270,0.0,1555.0,67.5,1545.0,0.0,1535.0,135.0,1555.0,0.0,1535.0,left,placed
FILLER_W_42,filler,PFILLER20_G,r270,0.0,1602.0,67.5,1592.0,0.0,1582.0,135.0,1602.0,0.0,1582.0,left,placed
FILLER_W_43,filler,PFILLER20_G,r270,0.0,1622.0,67.5,1612.0,0.0,1602.0,135.0,1622.0,0.0,1602.0,left,placed
FILLER_W_44,filler,PFILLER20_G,r270,0.0,1669.0,67.5,1659.0,0.0,1649.0,135.0,1669.0,0.0,1649.0,left,placed
FILLER_W_45,filler,PFILLER20_G,r270,0.0,1689.0,67.5,1679.0,0.0,1669.0,135.0,1689.0,0.0,1669.0,left,placed
FILLER_W_46,filler,PFILLER20_G,r270,0.0,1736.0,67.5,1726.0,0.0,1716.0,135.0,1736.0,0.0,1716.0,left,placed
FILLER_W_47,filler,PFILLER20_G,r270,0.0,1756.0,67.5,1746.0,0.0,1736.0,135.0,1756.0,0.0,1736.0,left,placed
FILLER_W_48,filler,PFILLER20_G,r270,0.0,1803.0,67.5,1793.0,0.0,1783.0,135.0,1803.0,0.0,1783.0,left,placed
FILLER_W_49,filler,PFILLER20_G,r270,0.0,1823.0,67.5,1813.0,0.0,1803.0,135.0,1823.0,0.0,1803.0,left,placed
FILLER_W_5,filler,PFILLER20_G,r270,0.0,349.0,67.5,339.0,0.0,329.0,135.0,349.0,0.0,329.0,left,placed
FILLER_W_50,filler,PFILLER10_G,r270,0.0,145.0,67.5,140.0,0.0,135.0,135.0,145.0,0.0,135.0,left,placed
FILLER_W_51,filler,PFILLER10_G,r270,0.0,1860.0,67.5,1855.0,0.0,1850.0,135.0,1860.0,0.0,1850.0,left,placed
FILLER_W_52,filler,PFILLER5_G,r270,0.0,150.0,67.5,147.5,0.0,145.0,135.0,150.0,0.0,145.0,left,placed
FILLER_W_53,filler,PFILLER5_G,r270,0.0,1865.0,67.5,1862.5,0.0,1860.0,135.0,1865.0,0.0,1860.0,left,placed
FILLER_W_54,filler,PFILLER1_G,r270,0.0,216.0,67.5,215.5,0.0,215.0,135.0,216.0,0.0,215.0,left,placed
FILLER_W_55,filler,PFILLER1_G,r270,0.0,217.0,67.5,216.5,0.0,216.0,135.0,217.0,0.0,216.0,left,placed
FILLER_W_56,filler,PFILLER1_G,r270,0.0,283.0,67.5,282.5,0.0,282.0,135.0,283.0,0.0,282.0,left,placed
FILLER_W_57,filler,PFILLER1_G,r270,0.0,284.0,67.5,283.5,0.0,283.0,135.0,284.0,0.0,283.0,left,placed
FILLER_W_58,filler,PFILLER1_G,r270,0.0,350.0,67.5,349.5,0.0,349.0,135.0,350.0,0.0,349.0,left,placed
FILLER_W_59,filler,PFILLER1_G,r270,0.0,351.0,67.5,350.5,0.0,350.0,135.0,351.0,0.0,350.0,left,placed
FILLER_W_6,filler,PFILLER20_G,r270,0.0,396.0,67.5,386.0,0.0,376.0,135.0,396.0,0.0,376.0,left,placed
FILLER_W_60,filler,PFILLER1_G,r270,0.0,417.0,67.5,416.5,0.0,416.0,135.0,417.0,0.0,416.0,left,placed
FILLER_W_61,filler,PFILLER1_G,r270,0.0,418.0,67.5,417.5,0.0,417.0,135.0,418.0,0.0,417.0,left,placed
FILLER_W_62,filler,PFILLER1_G,r270,0.0,484.0,67.5,483.5,0.0,483.0,135.0,484.0,0.0,483.0,left,placed
FILLER_W_63,filler,PFILLER1_G,r270,0.0,485.0,67.5,484.5,0.0,484.0,135.0,485.0,0.0,484.0,left,placed
FILLER_W_64,filler,PFILLER1_G,r270,0.0,551.0,67.5,550.5,0.0,550.0,135.0,551.0,0.0,550.0,left,placed
FILLER_W_65,filler,PFILLER1_G,r270,0.0,552.0,67.5,551.5,0.0,551.0,135.0,552.0,0.0,551.0,left,placed
FILLER_W_66,filler,PFILLER1_G,r270,0.0,618.0,67.5,617.5,0.0,617.0,135.0,618.0,0.0,617.0,left,placed
FILLER_W_67,filler,PFILLER1_G,r270,0.0,619.0,67.5,618.5,0.0,618.0,135.0,619.0,0.0,618.0,left,placed
FILLER_W_68,filler,PFILLER1_G,r270,0.0,685.0,67.5,684.5,0.0,684.0,135.0,685.0,0.0,684.0,left,placed
FILLER_W_69,filler,PFILLER1_G,r270,0.0,686.0,67.5,685.5,0.0,685.0,135.0,686.0,0.0,685.0,left,placed
FILLER_W_7,filler,PFILLER20_G,r270,0.0,416.0,67.5,406.0,0.0,396.0,135.0,416.0,0.0,396.0,left,placed
FILLER_W_70,filler,PFILLER1_G,r270,0.0,752.0,67.5,751.5,0.0,751.0,135.0,752.0,0.0,751.0,left,placed
FILLER_W_71,filler,PFILLER1_G,r270,0.0,753.0,67.5,752.5,0.0,752.0,135.0,753.0,0.0,752.0,left,placed
FILLER_W_72,filler,PFILLER1_G,r270,0.0,819.0,67.5,818.5,0.0,818.0,135.0,819.0,0.0,818.0,left,placed
FILLER_W_73,filler,PFILLER1_G,r270,0.0,820.0,67.5,819.5,0.0,819.0,135.0,820.0,0.0,819.0,left,placed
FILLER_W_74,filler,PFILLER1_G,r270,0.0,886.0,67.5,885.5,0.0,885.0,135.0,886.0,0.0,885.0,left,placed
FILLER_W_75,filler,PFILLER1_G,r270,0.0,887.0,67.5,886.5,0.0,886.0,135.0,887.0,0.0,886.0,left,placed
FILLER_W_76,filler,PFILLER1_G,r270,0.0,953.0,67.5,952.5,0.0,952.0,135.0,953.0,0.0,952.0,left,placed
FILLER_W_77,filler,PFILLER1_G,r270,0.0,954.0,67.5,953.5,0.0,953.0,135.0,954.0,0.0,953.0,left,placed
FILLER_W_78,filler,PFILLER1_G,r270,0.0,1020.0,67.5,1019.5,0.0,1019.0,135.0,1020.0,0.0,1019.0,left,placed
FILLER_W_79,filler,PFILLER1_G,r270,0.0,1021.0,67.5,1020.5,0.0,1020.0,135.0,1021.0,0.0,1020.0,left,placed
FILLER_W_8,filler,PFILLER20_G,r270,0.0,463.0,67.5,453.0,0.0,443.0,135.0,463.0,0.0,443.0,left,placed
FILLER_W_80,filler,PFILLER1_G,r270,0.0,1087.0,67.5,1086.5,0.0,1086.0,135.0,1087.0,0.0,1086.0,left,placed
FILLER_W_81,filler,PFILLER1_G,r270,0.0,1088.0,67.5,1087.5,0.0,1087.0,135.0,1088.0,0.0,1087.0,left,placed
FILLER_W_82,filler,PFILLER1_G,r270,0.0,1154.0,67.5,1153.5,0.0,1153.0,135.0,1154.0,0.0,1153.0,left,placed
FILLER_W_83,filler,PFILLER1_G,r270,0.0,1155.0,67.5,1154.5,0.0,1154.0,135.0,1155.0,0.0,1154.0,left,placed
FILLER_W_84,filler,PFILLER1_G,r270,0.0,1221.0,67.5,1220.5,0.0,1220.0,135.0,1221.0,0.0,1220.0,left,placed
FILLER_W_85,filler,PFILLER1_G,r270,0.0,1222.0,67.5,1221.5,0.0,1221.0,135.0,1222.0,0.0,1221.0,left,placed
FILLER_W_86,filler,PFILLER1_G,r270,0.0,1288.0,67.5,1287.5,0.0,1287.0,135.0,1288.0,0.0,1287.0,left,placed
FILLER_W_87,filler,PFILLER1_G,r270,0.0,1289.0,67.5,1288.5,0.0,1288.0,135.0,1289.0,0.0,1288.0,left,placed
FILLER_W_88,filler,PFILLER1_G,r270,0.0,1355.0,67.5,1354.5,0.0,1354.0,135.0,1355.0,0.0,1354.0,left,placed
FILLER_W_89,filler,PFILLER1_G,r270,0.0,1356.0,67.5,1355.5,0.0,1355.0,135.0,1356.0,0.0,1355.0,left,placed
FILLER_W_9,filler,PFILLER20_G,r270,0.0,483.0,67.5,473.0,0.0,463.0,135.0,483.0,0.0,463.0,left,placed
FILLER_W_90,filler,PFILLER1_G,r270,0.0,1422.0,67.5,1421.5,0.0,1421.0,135.0,1422.0,0.0,1421.0,left,placed
FILLER_W_91,filler,PFILLER1_G,r270,0.0,1423.0,67.5,1422.5,0.0,1422.0,135.0,1423.0,0.0,1422.0,left,placed
FILLER_W_92,filler,PFILLER1_G,r270,0.0,1489.0,67.5,1488.5,0.0,1488.0,135.0,1489.0,0.0,1488.0,left,placed
FILLER_W_93,filler,PFILLER1_G,r270,0.0,1490.0,67.5,1489.5,0.0,1489.0,135.0,1490.0,0.0,1489.0,left,placed
FILLER_W_94,filler,PFILLER1_G,r270,0.0,1556.0,67.5,1555.5,0.0,1555.0,135.0,1556.0,0.0,1555.0,left,placed
FILLER_W_95,filler,PFILLER1_G,r270,0.0,1557.0,67.5,1556.5,0.0,1556.0,135.0,1557.0,0.0,1556.0,left,placed
FILLER_W_96,filler,PFILLER1_G,r270,0.0,1623.0,67.5,1622.5,0.0,1622.0,135.0,1623.0,0.0,1622.0,left,placed
FILLER_W_97,filler,PFILLER1_G,r270,0.0,1624.0,67.5,1623.5,0.0,1623.0,135.0,1624.0,0.0,1623.0,left,placed
FILLER_W_98,filler,PFILLER1_G,r270,0.0,1690.0,67.5,1689.5,0.0,1689.0,135.0,1690.0,0.0,1689.0,left,placed
FILLER_W_99,filler,PFILLER1_G,r270,0.0,1691.0,67.5,1690.5,0.0,1690.0,135.0,1691.0,0.0,1690.0,left,placed
uPAD_CLK_I,io,PDDW04DGZ_G,r180,575.0,2000.0,562.5,1932.5,550.0,1865.0,575.0,2000.0,550.0,1865.0,top,fixed
uPAD_CORNER_BL,corner,PCORNER_G,r0,0.0,0.0,67.5,67.5,0.0,0.0,135.0,135.0,0.0,0.0,left,fixed
uPAD_CORNER_BR,corner,PCORNER_G,r90,1600.0,0.0,1532.5,67.5,1465.0,0.0,1600.0,135.0,1465.0,0.0,bottom,fixed
uPAD_CORNER_TL,corner,PCORNER_G,r270,0.0,2000.0,67.5,1932.5,0.0,1865.0,135.0,2000.0,0.0,1865.0,left,fixed
uPAD_CORNER_TR,corner,PCORNER_G,r180,1600.0,2000.0,1532.5,1932.5,1465.0,1865.0,1600.0,2000.0,1465.0,1865.0,right,fixed
uPAD_HOST_IO_0,io,PDDW16DGZ_G,r90,1600.0,1350.0,1532.5,1362.5,1465.0,1350.0,1600.0,1375.0,1465.0,1350.0,right,fixed
uPAD_HOST_IO_1,io,PDDW16DGZ_G,r90,1600.0,1430.0,1532.5,1442.5,1465.0,1430.0,1600.0,1455.0,1465.0,1430.0,right,fixed
uPAD_HOST_IO_2,io,PDDW16DGZ_G,r90,1600.0,1510.0,1532.5,1522.5,1465.0,1510.0,1600.0,1535.0,1465.0,1510.0,right,fixed
uPAD_HOST_IO_3,io,PDDW16DGZ_G,r90,1600.0,1590.0,1532.5,1602.5,1465.0,1590.0,1600.0,1615.0,1465.0,1590.0,right,fixed
uPAD_HOST_IO_4,io,PDDW16DGZ_G,r90,1600.0,1670.0,1532.5,1682.5,1465.0,1670.0,1600.0,1695.0,1465.0,1670.0,right,fixed
uPAD_HOST_IO_5,io,PDDW16DGZ_G,r90,1600.0,1750.0,1532.5,1762.5,1465.0,1750.0,1600.0,1775.0,1465.0,1750.0,right,fixed
uPAD_HOST_IO_6,io,PDDW16DGZ_G,r90,1600.0,1830.0,1532.5,1842.5,1465.0,1830.0,1600.0,1855.0,1465.0,1830.0,right,fixed
uPAD_I2C_SCL,io,PDUW16DGZ_G,r270,0.0,912.0,67.5,899.5,0.0,887.0,135.0,912.0,0.0,887.0,left,fixed
uPAD_I2C_SDA,io,PDUW16DGZ_G,r270,0.0,979.0,67.5,966.5,0.0,954.0,135.0,979.0,0.0,954.0,left,fixed
uPAD_NRST_I,io,PDDW04DGZ_G,r180,415.0,2000.0,402.5,1932.5,390.0,1865.0,415.0,2000.0,390.0,1865.0,top,fixed
uPAD_QSPI_IO_0,io,PDDW16DGZ_G,r0,470.0,0.0,482.5,67.5,470.0,0.0,495.0,135.0,470.0,0.0,bottom,fixed
uPAD_QSPI_IO_1,io,PDDW16DGZ_G,r0,550.0,0.0,562.5,67.5,550.0,0.0,575.0,135.0,550.0,0.0,bottom,fixed
uPAD_QSPI_IO_2,io,PDDW16DGZ_G,r0,630.0,0.0,642.5,67.5,630.0,0.0,655.0,135.0,630.0,0.0,bottom,fixed
uPAD_QSPI_IO_3,io,PDDW16DGZ_G,r0,870.0,0.0,882.5,67.5,870.0,0.0,895.0,135.0,870.0,0.0,bottom,fixed
uPAD_QSPI_SCLK,io,PDDW16DGZ_G,r0,950.0,0.0,962.5,67.5,950.0,0.0,975.0,135.0,950.0,0.0,bottom,fixed
uPAD_QSPI_nCS,io,PDDW16DGZ_G,r0,1030.0,0.0,1042.5,67.5,1030.0,0.0,1055.0,135.0,1030.0,0.0,bottom,fixed
uPAD_RMII_CRS_DV,io,PDDW04DGZ_G,r90,1600.0,1110.0,1532.5,1122.5,1465.0,1110.0,1600.0,1135.0,1465.0,1110.0,right,fixed
uPAD_RMII_MDC,io,PDDW16DGZ_G,r90,1600.0,310.0,1532.5,322.5,1465.0,310.0,1600.0,335.0,1465.0,310.0,right,fixed
uPAD_RMII_MDIO,io,PDDW16DGZ_G,r90,1600.0,1030.0,1532.5,1042.5,1465.0,1030.0,1600.0,1055.0,1465.0,1030.0,right,fixed
uPAD_RMII_REF_CLK,io,PDDW04DGZ_G,r90,1600.0,390.0,1532.5,402.5,1465.0,390.0,1600.0,415.0,1465.0,390.0,right,fixed
uPAD_RMII_RXD0,io,PDDW04DGZ_G,r90,1600.0,470.0,1532.5,482.5,1465.0,470.0,1600.0,495.0,1465.0,470.0,right,fixed
uPAD_RMII_RXD1,io,PDDW04DGZ_G,r90,1600.0,710.0,1532.5,722.5,1465.0,710.0,1600.0,735.0,1465.0,710.0,right,fixed
uPAD_RMII_TXD0,io,PDDW16DGZ_G,r90,1600.0,790.0,1532.5,802.5,1465.0,790.0,1600.0,815.0,1465.0,790.0,right,fixed
uPAD_RMII_TXD1,io,PDDW16DGZ_G,r90,1600.0,870.0,1532.5,882.5,1465.0,870.0,1600.0,895.0,1465.0,870.0,right,fixed
uPAD_RMII_TX_EN,io,PDDW16DGZ_G,r90,1600.0,950.0,1532.5,962.5,1465.0,950.0,1600.0,975.0,1465.0,950.0,right,fixed
uPAD_SE_I,io,PDDW04DGZ_G,r180,735.0,2000.0,722.5,1932.5,710.0,1865.0,735.0,2000.0,710.0,1865.0,top,fixed
uPAD_SWDCK_I,io,PDDW04DGZ_G,r180,495.0,2000.0,482.5,1932.5,470.0,1865.0,495.0,2000.0,470.0,1865.0,top,fixed
uPAD_SWDIO_IO,io,PDUW08DGZ_G,r180,895.0,2000.0,882.5,1932.5,870.0,1865.0,895.0,2000.0,870.0,1865.0,top,fixed
uPAD_TEST_I,io,PDDW04DGZ_G,r180,655.0,2000.0,642.5,1932.5,630.0,1865.0,655.0,2000.0,630.0,1865.0,top,fixed
uPAD_TL_CLK_RX,io,PDDW16DGZ_G,r270,0.0,577.0,67.5,564.5,0.0,552.0,135.0,577.0,0.0,552.0,left,fixed
uPAD_TL_CLK_TX,io,PDDW16DGZ_G,r270,0.0,1582.0,67.5,1569.5,0.0,1557.0,135.0,1582.0,0.0,1557.0,left,fixed
uPAD_TL_RX_0,io,PDDW16DGZ_G,r270,0.0,175.0,67.5,162.5,0.0,150.0,135.0,175.0,0.0,150.0,left,fixed
uPAD_TL_RX_1,io,PDDW16DGZ_G,r270,0.0,242.0,67.5,229.5,0.0,217.0,135.0,242.0,0.0,217.0,left,fixed
uPAD_TL_RX_2,io,PDDW16DGZ_G,r270,0.0,309.0,67.5,296.5,0.0,284.0,135.0,309.0,0.0,284.0,left,fixed
uPAD_TL_RX_3,io,PDDW16DGZ_G,r270,0.0,376.0,67.5,363.5,0.0,351.0,135.0,376.0,0.0,351.0,left,fixed
uPAD_TL_RX_4,io,PDDW16DGZ_G,r270,0.0,644.0,67.5,631.5,0.0,619.0,135.0,644.0,0.0,619.0,left,fixed
uPAD_TL_RX_5,io,PDDW16DGZ_G,r270,0.0,711.0,67.5,698.5,0.0,686.0,135.0,711.0,0.0,686.0,left,fixed
uPAD_TL_RX_6,io,PDDW16DGZ_G,r270,0.0,778.0,67.5,765.5,0.0,753.0,135.0,778.0,0.0,753.0,left,fixed
uPAD_TL_RX_7,io,PDDW16DGZ_G,r270,0.0,845.0,67.5,832.5,0.0,820.0,135.0,845.0,0.0,820.0,left,fixed
uPAD_TL_TX_0,io,PDDW16DGZ_G,r270,0.0,1180.0,67.5,1167.5,0.0,1155.0,135.0,1180.0,0.0,1155.0,left,fixed
uPAD_TL_TX_1,io,PDDW16DGZ_G,r270,0.0,1247.0,67.5,1234.5,0.0,1222.0,135.0,1247.0,0.0,1222.0,left,fixed
uPAD_TL_TX_2,io,PDDW16DGZ_G,r270,0.0,1314.0,67.5,1301.5,0.0,1289.0,135.0,1314.0,0.0,1289.0,left,fixed
uPAD_TL_TX_3,io,PDDW16DGZ_G,r270,0.0,1381.0,67.5,1368.5,0.0,1356.0,135.0,1381.0,0.0,1356.0,left,fixed
uPAD_TL_TX_4,io,PDDW16DGZ_G,r270,0.0,1649.0,67.5,1636.5,0.0,1624.0,135.0,1649.0,0.0,1624.0,left,fixed
uPAD_TL_TX_5,io,PDDW16DGZ_G,r270,0.0,1716.0,67.5,1703.5,0.0,1691.0,135.0,1716.0,0.0,1691.0,left,fixed
uPAD_TL_TX_6,io,PDDW16DGZ_G,r270,0.0,1783.0,67.5,1770.5,0.0,1758.0,135.0,1783.0,0.0,1758.0,left,fixed
uPAD_TL_TX_7,io,PDDW16DGZ_G,r270,0.0,1850.0,67.5,1837.5,0.0,1825.0,135.0,1850.0,0.0,1825.0,left,fixed
uPAD_VDDIO_B_0,io,PVDD2DGZ_G,r0,150.0,0.0,162.5,67.5,150.0,0.0,175.0,135.0,150.0,0.0,bottom,fixed
uPAD_VDDIO_B_1,io,PVDD2DGZ_G,r0,710.0,0.0,722.5,67.5,710.0,0.0,735.0,135.0,710.0,0.0,bottom,fixed
uPAD_VDDIO_B_2,io,PVDD2DGZ_G,r0,1430.0,0.0,1442.5,67.5,1430.0,0.0,1455.0,135.0,1430.0,0.0,bottom,fixed
uPAD_VDDIO_L_0,io,PVDD2DGZ_G,r270,0.0,443.0,67.5,430.5,0.0,418.0,135.0,443.0,0.0,418.0,left,fixed
uPAD_VDDIO_L_1,io,PVDD2DGZ_G,r270,0.0,1046.0,67.5,1033.5,0.0,1021.0,135.0,1046.0,0.0,1021.0,left,fixed
uPAD_VDDIO_L_2,io,PVDD2DGZ_G,r270,0.0,1448.0,67.5,1435.5,0.0,1423.0,135.0,1448.0,0.0,1423.0,left,fixed
uPAD_VDDIO_R_0,io,PVDD2DGZ_G,r90,1600.0,150.0,1532.5,162.5,1465.0,150.0,1600.0,175.0,1465.0,150.0,right,fixed
uPAD_VDDIO_R_1,io,PVDD2DGZ_G,r90,1600.0,550.0,1532.5,562.5,1465.0,550.0,1600.0,575.0,1465.0,550.0,right,fixed
uPAD_VDDIO_R_2,io,PVDD2DGZ_G,r90,1600.0,1190.0,1532.5,1202.5,1465.0,1190.0,1600.0,1215.0,1465.0,1190.0,right,fixed
uPAD_VDDIO_T_0,io,PVDD2POC_G,r180,175.0,2000.0,162.5,1932.5,150.0,1865.0,175.0,2000.0,150.0,1865.0,top,fixed
uPAD_VDDIO_T_1,io,PVDD2DGZ_G,r180,1055.0,2000.0,1042.5,1932.5,1030.0,1865.0,1055.0,2000.0,1030.0,1865.0,top,fixed
uPAD_VDDIO_T_2,io,PVDD2DGZ_G,r180,1135.0,2000.0,1122.5,1932.5,1110.0,1865.0,1135.0,2000.0,1110.0,1865.0,top,fixed
uPAD_VDD_B_0,io,PVDD1DGZ_G,r0,1110.0,0.0,1122.5,67.5,1110.0,0.0,1135.0,135.0,1110.0,0.0,bottom,fixed
uPAD_VDD_B_1,io,PVDD1DGZ_G,r0,310.0,0.0,322.5,67.5,310.0,0.0,335.0,135.0,310.0,0.0,bottom,fixed
uPAD_VDD_B_2,io,PVDD1DGZ_G,r0,1270.0,0.0,1282.5,67.5,1270.0,0.0,1295.0,135.0,1270.0,0.0,bottom,fixed
uPAD_VDD_T_0,io,PVDD1DGZ_G,r180,255.0,2000.0,242.5,1932.5,230.0,1865.0,255.0,2000.0,230.0,1865.0,top,fixed
uPAD_VDD_T_1,io,PVDD1DGZ_G,r180,815.0,2000.0,802.5,1932.5,790.0,1865.0,815.0,2000.0,790.0,1865.0,top,fixed
uPAD_VDD_T_2,io,PVDD1DGZ_G,r180,1375.0,2000.0,1362.5,1932.5,1350.0,1865.0,1375.0,2000.0,1350.0,1865.0,top,fixed
uPAD_VSSIO_B_0,io,PVSS2DGZ_G,r0,230.0,0.0,242.5,67.5,230.0,0.0,255.0,135.0,230.0,0.0,bottom,fixed
uPAD_VSSIO_B_1,io,PVSS2DGZ_G,r0,790.0,0.0,802.5,67.5,790.0,0.0,815.0,135.0,790.0,0.0,bottom,fixed
uPAD_VSSIO_B_2,io,PVSS2DGZ_G,r0,1190.0,0.0,1202.5,67.5,1190.0,0.0,1215.0,135.0,1190.0,0.0,bottom,fixed
uPAD_VSSIO_L_0,io,PVSS2DGZ_G,r270,0.0,510.0,67.5,497.5,0.0,485.0,135.0,510.0,0.0,485.0,left,fixed
uPAD_VSSIO_L_1,io,PVSS2DGZ_G,r270,0.0,1113.0,67.5,1100.5,0.0,1088.0,135.0,1113.0,0.0,1088.0,left,fixed
uPAD_VSSIO_L_2,io,PVSS2DGZ_G,r270,0.0,1515.0,67.5,1502.5,0.0,1490.0,135.0,1515.0,0.0,1490.0,left,fixed
uPAD_VSSIO_R_0,io,PVSS2DGZ_G,r90,1600.0,230.0,1532.5,242.5,1465.0,230.0,1600.0,255.0,1465.0,230.0,right,fixed
uPAD_VSSIO_R_1,io,PVSS2DGZ_G,r90,1600.0,630.0,1532.5,642.5,1465.0,630.0,1600.0,655.0,1465.0,630.0,right,fixed
uPAD_VSSIO_R_2,io,PVSS2DGZ_G,r90,1600.0,1270.0,1532.5,1282.5,1465.0,1270.0,1600.0,1295.0,1465.0,1270.0,right,fixed
uPAD_VSSIO_T_0,io,PVSS2DGZ_G,r180,1215.0,2000.0,1202.5,1932.5,1190.0,1865.0,1215.0,2000.0,1190.0,1865.0,top,fixed
uPAD_VSSIO_T_1,io,PVSS2DGZ_G,r180,1295.0,2000.0,1282.5,1932.5,1270.0,1865.0,1295.0,2000.0,1270.0,1865.0,top,fixed
uPAD_VSSIO_T_2,io,PVSS2DGZ_G,r180,1455.0,2000.0,1442.5,1932.5,1430.0,1865.0,1455.0,2000.0,1430.0,1865.0,top,fixed
uPAD_VSS_B_0,io,PVSS1DGZ_G,r0,390.0,0.0,402.5,67.5,390.0,0.0,415.0,135.0,390.0,0.0,bottom,fixed
uPAD_VSS_B_1,io,PVSS1DGZ_G,r0,1350.0,0.0,1362.5,67.5,1350.0,0.0,1375.0,135.0,1350.0,0.0,bottom,fixed
uPAD_VSS_T_0,io,PVSS1DGZ_G,r180,335.0,2000.0,322.5,1932.5,310.0,1865.0,335.0,2000.0,310.0,1865.0,top,fixed
uPAD_VSS_T_1,io,PVSS1DGZ_G,r180,975.0,2000.0,962.5,1932.5,950.0,1865.0,975.0,2000.0,950.0,1865.0,top,fixed
